{
  "project_info": {
    "project_number": "432050171493",
    "firebase_url": "https://sendrti-6c2fa.firebaseio.com",
    "project_id": "sendrti-6c2fa",
    "storage_bucket": "sendrti-6c2fa.appspot.com"
  },
  "client": [
    {
      "client_info": {
        "mobilesdk_app_id": "1:432050171493:android:ec0427743a36bc2c44e08c",
        "android_client_info": {
          "package_name": "com.example.sendrti"
        }
      },
      "oauth_client": [
        {
          "client_id": "432050171493-gdc6jmkbfccrkajo4795pbmmc6ud6uqp.apps.googleusercontent.com",
          "client_type": 1,
          "android_info": {
            "package_name": "com.example.sendrti",
            "certificate_hash": "6cb606d43dbaa296ac0e3304252709253dc4d0ac"
          }
        },
        {
          "client_id": "432050171493-736h8bn4vnvim0re13s4frqcdk8f585p.apps.googleusercontent.com",
          "client_type": 3
        }
      ],
      "api_key": [
        {
          "current_key": "AIzaSyDKldWEYA1YOfslgrOv75frOspgLgUiRpo"
        }
      ],
      "services": {
        "appinvite_service": {
          "other_platform_oauth_client": [
            {
              "client_id": "432050171493-736h8bn4vnvim0re13s4frqcdk8f585p.apps.googleusercontent.com",
              "client_type": 3
            }
          ]
        }
      }
    }
  ],
  "configuration_version": "1"
}